-- phpMyAdmin SQL Dump
-- version 4.2.11
-- http://www.phpmyadmin.net
--
-- Servidor: 127.0.0.1
-- Tiempo de generación: 08-12-2014 a las 14:47:27
-- Versión del servidor: 5.6.21
-- Versión de PHP: 5.6.3

SET SQL_MODE = "NO_AUTO_VALUE_ON_ZERO";
SET time_zone = "+00:00";


/*!40101 SET @OLD_CHARACTER_SET_CLIENT=@@CHARACTER_SET_CLIENT */;
/*!40101 SET @OLD_CHARACTER_SET_RESULTS=@@CHARACTER_SET_RESULTS */;
/*!40101 SET @OLD_COLLATION_CONNECTION=@@COLLATION_CONNECTION */;
/*!40101 SET NAMES utf8 */;

--
-- Base de datos: `movie_theater`
--

-- --------------------------------------------------------

--
-- Estructura de tabla para la tabla `cine`
--

CREATE TABLE IF NOT EXISTS `cine` (
`IDCine` int(2) NOT NULL,
  `NombreCine` varchar(50) COLLATE utf8_spanish2_ci NOT NULL
) ENGINE=InnoDB AUTO_INCREMENT=3 DEFAULT CHARSET=utf8 COLLATE=utf8_spanish2_ci;

--
-- Volcado de datos para la tabla `cine`
--

INSERT INTO `cine` (`IDCine`, `NombreCine`) VALUES
(1, 'Las Quintas'),
(2, 'Las Torres');

-- --------------------------------------------------------

--
-- Estructura de tabla para la tabla `funciones`
--

CREATE TABLE IF NOT EXISTS `funciones` (
`IDFuncion` int(3) NOT NULL,
  `IDSala` int(2) NOT NULL,
  `IDPelicula` int(3) NOT NULL,
  `Horario` varchar(5) COLLATE utf8_spanish2_ci NOT NULL,
  `Precio` int(2) NOT NULL,
  `A1` varchar(1) COLLATE utf8_spanish2_ci NOT NULL COMMENT 'O = Ocupado; D = Disponible',
  `A2` varchar(1) COLLATE utf8_spanish2_ci NOT NULL,
  `A3` varchar(1) COLLATE utf8_spanish2_ci NOT NULL,
  `A4` varchar(1) COLLATE utf8_spanish2_ci NOT NULL,
  `A5` varchar(1) COLLATE utf8_spanish2_ci NOT NULL,
  `A6` varchar(1) COLLATE utf8_spanish2_ci NOT NULL,
  `A7` varchar(1) COLLATE utf8_spanish2_ci NOT NULL,
  `A8` varchar(1) COLLATE utf8_spanish2_ci NOT NULL,
  `A9` varchar(1) COLLATE utf8_spanish2_ci NOT NULL,
  `A10` varchar(1) COLLATE utf8_spanish2_ci NOT NULL,
  `A11` varchar(1) COLLATE utf8_spanish2_ci NOT NULL,
  `A12` varchar(1) COLLATE utf8_spanish2_ci NOT NULL,
  `A13` varchar(1) COLLATE utf8_spanish2_ci NOT NULL,
  `A14` varchar(1) COLLATE utf8_spanish2_ci NOT NULL,
  `A15` varchar(1) COLLATE utf8_spanish2_ci NOT NULL,
  `A16` varchar(1) COLLATE utf8_spanish2_ci NOT NULL,
  `A17` varchar(1) COLLATE utf8_spanish2_ci NOT NULL,
  `A18` varchar(1) COLLATE utf8_spanish2_ci NOT NULL,
  `A19` varchar(1) COLLATE utf8_spanish2_ci NOT NULL,
  `A20` varchar(1) COLLATE utf8_spanish2_ci NOT NULL,
  `A21` varchar(1) COLLATE utf8_spanish2_ci NOT NULL,
  `A22` varchar(1) COLLATE utf8_spanish2_ci NOT NULL,
  `A23` varchar(1) COLLATE utf8_spanish2_ci NOT NULL,
  `A24` varchar(1) COLLATE utf8_spanish2_ci NOT NULL,
  `A25` varchar(1) COLLATE utf8_spanish2_ci NOT NULL,
  `A26` varchar(1) COLLATE utf8_spanish2_ci NOT NULL,
  `A27` varchar(1) COLLATE utf8_spanish2_ci NOT NULL,
  `A28` varchar(1) COLLATE utf8_spanish2_ci NOT NULL,
  `A29` varchar(1) COLLATE utf8_spanish2_ci NOT NULL,
  `A30` varchar(1) COLLATE utf8_spanish2_ci NOT NULL,
  `A31` varchar(1) COLLATE utf8_spanish2_ci NOT NULL,
  `A32` varchar(1) COLLATE utf8_spanish2_ci NOT NULL,
  `A33` varchar(1) COLLATE utf8_spanish2_ci NOT NULL,
  `A34` varchar(1) COLLATE utf8_spanish2_ci NOT NULL,
  `A35` varchar(1) COLLATE utf8_spanish2_ci NOT NULL,
  `A36` varchar(1) COLLATE utf8_spanish2_ci NOT NULL,
  `A37` varchar(1) COLLATE utf8_spanish2_ci NOT NULL,
  `A38` varchar(1) COLLATE utf8_spanish2_ci NOT NULL,
  `A39` varchar(1) COLLATE utf8_spanish2_ci NOT NULL,
  `A40` varchar(1) COLLATE utf8_spanish2_ci NOT NULL,
  `A41` varchar(1) COLLATE utf8_spanish2_ci NOT NULL,
  `A42` varchar(1) COLLATE utf8_spanish2_ci NOT NULL,
  `A43` varchar(1) COLLATE utf8_spanish2_ci NOT NULL,
  `A44` varchar(1) COLLATE utf8_spanish2_ci NOT NULL,
  `A45` varchar(1) COLLATE utf8_spanish2_ci NOT NULL,
  `A46` varchar(1) COLLATE utf8_spanish2_ci NOT NULL,
  `A47` varchar(1) COLLATE utf8_spanish2_ci NOT NULL,
  `A48` varchar(1) COLLATE utf8_spanish2_ci NOT NULL,
  `A49` varchar(1) COLLATE utf8_spanish2_ci NOT NULL,
  `A50` varchar(1) COLLATE utf8_spanish2_ci NOT NULL,
  `A51` varchar(1) COLLATE utf8_spanish2_ci NOT NULL,
  `A52` varchar(1) COLLATE utf8_spanish2_ci NOT NULL,
  `A53` varchar(1) COLLATE utf8_spanish2_ci NOT NULL,
  `A54` varchar(1) COLLATE utf8_spanish2_ci NOT NULL,
  `A55` varchar(1) COLLATE utf8_spanish2_ci NOT NULL,
  `A56` varchar(1) COLLATE utf8_spanish2_ci NOT NULL,
  `A57` varchar(1) COLLATE utf8_spanish2_ci NOT NULL,
  `A58` varchar(1) COLLATE utf8_spanish2_ci NOT NULL,
  `A59` varchar(1) COLLATE utf8_spanish2_ci NOT NULL,
  `A60` varchar(1) COLLATE utf8_spanish2_ci NOT NULL,
  `A61` varchar(1) COLLATE utf8_spanish2_ci NOT NULL,
  `A62` varchar(1) COLLATE utf8_spanish2_ci NOT NULL,
  `A63` varchar(1) COLLATE utf8_spanish2_ci NOT NULL,
  `A64` varchar(1) COLLATE utf8_spanish2_ci NOT NULL,
  `A65` varchar(1) COLLATE utf8_spanish2_ci NOT NULL,
  `A66` varchar(1) COLLATE utf8_spanish2_ci NOT NULL,
  `A67` varchar(1) COLLATE utf8_spanish2_ci NOT NULL,
  `A68` varchar(1) COLLATE utf8_spanish2_ci NOT NULL,
  `A69` varchar(1) COLLATE utf8_spanish2_ci NOT NULL,
  `A70` varchar(1) COLLATE utf8_spanish2_ci NOT NULL,
  `A71` varchar(1) COLLATE utf8_spanish2_ci NOT NULL,
  `A72` varchar(1) COLLATE utf8_spanish2_ci NOT NULL,
  `A73` varchar(1) COLLATE utf8_spanish2_ci NOT NULL,
  `A74` varchar(1) COLLATE utf8_spanish2_ci NOT NULL,
  `A75` varchar(1) COLLATE utf8_spanish2_ci NOT NULL,
  `A76` varchar(1) COLLATE utf8_spanish2_ci NOT NULL,
  `A77` varchar(1) COLLATE utf8_spanish2_ci NOT NULL,
  `A78` varchar(1) COLLATE utf8_spanish2_ci NOT NULL,
  `A79` varchar(1) COLLATE utf8_spanish2_ci NOT NULL,
  `A80` varchar(1) COLLATE utf8_spanish2_ci NOT NULL,
  `A81` varchar(1) COLLATE utf8_spanish2_ci NOT NULL,
  `A82` varchar(1) COLLATE utf8_spanish2_ci NOT NULL,
  `A83` varchar(1) COLLATE utf8_spanish2_ci NOT NULL,
  `A84` varchar(1) COLLATE utf8_spanish2_ci NOT NULL,
  `A85` varchar(1) COLLATE utf8_spanish2_ci NOT NULL,
  `A86` varchar(1) COLLATE utf8_spanish2_ci NOT NULL,
  `A87` varchar(1) COLLATE utf8_spanish2_ci NOT NULL,
  `A88` varchar(1) COLLATE utf8_spanish2_ci NOT NULL,
  `A89` varchar(1) COLLATE utf8_spanish2_ci NOT NULL,
  `A90` varchar(1) COLLATE utf8_spanish2_ci NOT NULL,
  `A91` varchar(1) COLLATE utf8_spanish2_ci NOT NULL,
  `A92` varchar(1) COLLATE utf8_spanish2_ci NOT NULL,
  `A93` varchar(1) COLLATE utf8_spanish2_ci NOT NULL,
  `A94` varchar(1) COLLATE utf8_spanish2_ci NOT NULL,
  `A95` varchar(1) COLLATE utf8_spanish2_ci NOT NULL,
  `A96` varchar(1) COLLATE utf8_spanish2_ci NOT NULL,
  `A97` varchar(1) COLLATE utf8_spanish2_ci NOT NULL,
  `A98` varchar(1) COLLATE utf8_spanish2_ci NOT NULL,
  `A99` varchar(1) COLLATE utf8_spanish2_ci NOT NULL,
  `A100` varchar(1) COLLATE utf8_spanish2_ci NOT NULL
) ENGINE=InnoDB AUTO_INCREMENT=107 DEFAULT CHARSET=utf8 COLLATE=utf8_spanish2_ci;

--
-- Volcado de datos para la tabla `funciones`
--

INSERT INTO `funciones` (`IDFuncion`, `IDSala`, `IDPelicula`, `Horario`, `Precio`, `A1`, `A2`, `A3`, `A4`, `A5`, `A6`, `A7`, `A8`, `A9`, `A10`, `A11`, `A12`, `A13`, `A14`, `A15`, `A16`, `A17`, `A18`, `A19`, `A20`, `A21`, `A22`, `A23`, `A24`, `A25`, `A26`, `A27`, `A28`, `A29`, `A30`, `A31`, `A32`, `A33`, `A34`, `A35`, `A36`, `A37`, `A38`, `A39`, `A40`, `A41`, `A42`, `A43`, `A44`, `A45`, `A46`, `A47`, `A48`, `A49`, `A50`, `A51`, `A52`, `A53`, `A54`, `A55`, `A56`, `A57`, `A58`, `A59`, `A60`, `A61`, `A62`, `A63`, `A64`, `A65`, `A66`, `A67`, `A68`, `A69`, `A70`, `A71`, `A72`, `A73`, `A74`, `A75`, `A76`, `A77`, `A78`, `A79`, `A80`, `A81`, `A82`, `A83`, `A84`, `A85`, `A86`, `A87`, `A88`, `A89`, `A90`, `A91`, `A92`, `A93`, `A94`, `A95`, `A96`, `A97`, `A98`, `A99`, `A100`) VALUES
(1, 1, 1, '12:10', 30, 'D', 'D', 'D', 'O', 'D', 'D', 'D', 'D', 'D', 'O', 'D', 'D', 'O', 'D', 'D', 'D', 'D', 'D', 'D', 'D', 'O', '', '', '', '', '', '', '', '', '', 'O', '', '', 'O', '', '', '', '', '', '', '', '', '', '', 'O', 'O', 'O', '', '', 'O', '', 'O', '', '', '', '', '', '', '', '', '', '', 'O', '', '', '', '', '', '', '', '', '', '', '', 'O', '', '', '', '', 'O', 'O', '', 'O', '', '', 'D', '', '', '', '', 'O', 'O', 'O', '', 'D', '', '', '', 'O', 'O'),
(2, 1, 1, '14:55', 30, '', '', '', '', '', '', '', '', '', '', '', '', '', '', '', '', '', '', '', '', '', '', '', '', '', '', '', '', '', '', '', '', '', '', '', '', '', '', '', '', '', '', '', '', '', '', '', '', '', '', '', '', '', '', '', '', '', '', '', '', '', '', '', '', '', '', '', '', '', '', '', '', '', '', '', '', '', '', '', '', '', '', '', '', '', '', '', '', '', '', '', '', '', '', '', '', '', '', '', ''),
(3, 1, 1, '17:40', 30, '', '', '', '', '', '', '', '', '', '', '', '', '', '', '', '', '', '', '', '', '', '', '', '', '', '', '', '', '', '', '', '', '', '', '', '', '', '', '', '', '', '', '', '', '', '', '', '', '', '', '', '', '', '', '', '', '', '', '', '', '', '', '', '', '', '', '', '', '', '', '', '', '', '', '', '', '', '', '', '', '', '', '', '', '', '', '', '', '', '', '', '', '', '', '', '', '', '', '', ''),
(4, 1, 1, '20:25', 30, '', '', '', '', '', '', '', '', '', '', '', '', '', '', '', '', '', '', '', '', '', '', '', '', '', '', '', '', '', '', '', '', '', '', '', '', '', '', '', '', '', '', '', '', '', '', '', '', '', '', '', '', '', '', '', '', '', '', '', '', '', '', '', '', '', '', '', '', '', '', '', '', '', '', '', '', '', '', '', '', '', '', '', '', '', '', '', '', '', '', '', '', '', '', '', '', '', '', '', ''),
(5, 1, 1, '23:10', 30, '', '', '', '', '', '', '', '', '', '', '', '', '', '', '', '', '', '', '', '', '', '', '', '', '', '', '', '', '', '', '', '', '', '', '', '', '', '', '', '', '', '', '', '', '', '', '', '', '', '', '', '', '', '', '', '', '', '', '', '', '', '', '', '', '', '', '', '', '', '', '', '', '', '', '', '', '', '', '', '', '', '', '', '', '', '', '', '', '', '', '', '', '', '', '', '', '', '', '', ''),
(6, 2, 1, '12:30', 30, '', '', '', '', '', '', '', '', '', '', '', '', '', '', '', '', '', '', '', '', '', '', '', '', '', '', '', '', '', '', '', '', '', '', '', '', '', '', '', '', '', '', '', '', '', '', '', '', '', '', '', '', '', '', '', '', '', '', '', '', '', '', '', '', '', '', '', '', '', '', '', '', '', '', '', '', '', '', '', '', '', '', '', '', '', '', '', '', '', '', '', '', '', '', '', '', '', '', '', ''),
(7, 2, 1, '15:15', 30, '', '', '', '', '', '', '', '', '', '', '', '', '', '', '', '', '', '', '', '', '', '', '', '', '', '', '', '', '', '', '', '', '', '', '', '', '', '', '', '', '', '', '', '', '', '', '', '', '', '', '', '', '', '', '', '', '', '', '', '', '', '', '', '', '', '', '', '', '', '', '', '', '', '', '', '', '', '', '', '', '', '', '', '', '', '', '', '', '', '', '', '', '', '', '', '', '', '', '', ''),
(8, 2, 9, '18:00', 30, '', '', '', '', '', '', '', '', '', '', '', '', '', '', '', '', '', '', '', '', '', '', '', '', '', '', '', '', '', '', '', '', '', '', '', '', '', '', '', '', '', '', '', '', '', '', '', '', '', '', '', '', '', '', '', '', '', '', '', '', '', '', '', '', '', '', '', '', '', '', '', '', '', '', '', '', '', '', '', '', '', '', '', '', '', '', '', '', '', '', '', '', '', '', '', '', '', '', '', ''),
(9, 2, 9, '19:55', 30, '', '', '', '', '', '', '', '', '', '', '', '', '', '', '', '', '', '', '', '', '', '', '', '', '', '', '', '', '', '', '', '', '', '', '', '', '', '', '', '', '', '', '', '', '', '', '', '', '', '', '', '', '', '', '', '', '', '', '', '', '', '', '', '', '', '', '', '', '', '', '', '', '', '', '', '', '', '', '', '', '', '', '', '', '', '', '', '', '', '', '', '', '', '', '', '', '', '', '', ''),
(10, 2, 9, '21:50', 30, '', '', '', '', '', '', '', '', '', '', '', '', '', '', '', '', '', '', '', '', '', '', '', '', '', '', '', '', '', '', '', '', '', '', '', '', '', '', '', '', '', '', '', '', '', '', '', '', '', '', '', '', '', '', '', '', '', '', '', '', '', '', '', '', '', '', '', '', '', '', '', '', '', '', '', '', '', '', '', '', '', '', '', '', '', '', '', '', '', '', '', '', '', '', '', '', '', '', '', ''),
(11, 3, 5, '13:00', 30, '', '', '', '', '', '', '', '', '', '', '', '', '', '', '', '', '', '', '', '', '', '', '', '', '', '', '', '', '', '', '', '', '', '', '', '', '', '', '', '', '', '', '', '', '', '', '', '', '', '', '', '', '', '', '', '', '', '', '', '', '', '', '', '', '', '', '', '', '', '', '', '', '', '', '', '', '', '', '', '', '', '', '', '', '', '', '', '', '', '', '', '', '', '', '', '', '', '', '', ''),
(12, 3, 5, '16:00', 30, '', '', '', '', '', '', '', '', '', '', '', '', '', '', '', '', '', '', '', '', '', '', '', '', '', '', '', '', '', '', '', '', '', '', '', '', '', '', '', '', '', '', '', '', '', '', '', '', '', '', '', '', '', '', '', '', '', '', '', '', '', '', '', '', '', '', '', '', '', '', '', '', '', '', '', '', '', '', '', '', '', '', '', '', '', '', '', '', '', '', '', '', '', '', '', '', '', '', '', ''),
(13, 3, 7, '19:00', 30, '', '', '', '', '', '', '', '', '', '', '', '', '', '', '', '', '', '', '', '', '', '', '', '', '', '', '', '', '', '', '', '', '', '', '', '', '', '', '', '', '', '', '', '', '', '', '', '', '', '', '', '', '', '', '', '', '', '', '', '', '', '', '', '', '', '', '', '', '', '', '', '', '', '', '', '', '', '', '', '', '', '', '', '', '', '', '', '', '', '', '', '', '', '', '', '', '', '', '', ''),
(14, 3, 7, '21:05', 30, '', '', '', '', '', '', '', '', '', '', '', '', '', '', '', '', '', '', '', '', '', '', '', '', '', '', '', '', '', '', '', '', '', '', '', '', '', '', '', '', '', '', '', '', '', '', '', '', '', '', '', '', '', '', '', '', '', '', '', '', '', '', '', '', '', '', '', '', '', '', '', '', '', '', '', '', '', '', '', '', '', '', '', '', '', '', '', '', '', '', '', '', '', '', '', '', '', '', '', ''),
(15, 3, 7, '23:00', 30, '', '', '', '', '', '', '', '', '', '', '', '', '', '', '', '', '', '', '', '', '', '', '', '', '', '', '', '', '', '', '', '', '', '', '', '', '', '', '', '', '', '', '', '', '', '', '', '', '', '', '', '', '', '', '', '', '', '', '', '', '', '', '', '', '', '', '', '', '', '', '', '', '', '', '', '', '', '', '', '', '', '', '', '', '', '', '', '', '', '', '', '', '', '', '', '', '', '', '', ''),
(16, 4, 4, '12:00', 30, 'O', 'O', 'O', 'D', 'D', '', 'O', '', '', '', '', '', 'D', 'O', 'O', '', 'O', '', '', '', '', '', '', '', 'O', 'O', '', '', '', '', '', '', '', '', '', '', '', '', '', '', '', '', '', 'O', 'O', '', '', '', '', '', '', '', '', '', '', '', '', '', '', '', '', '', 'O', 'O', '', '', '', '', '', '', '', '', '', '', '', '', '', '', '', '', '', '', '', '', '', '', '', '', '', '', '', '', '', 'O', 'O', '', '', '', '', ''),
(17, 4, 4, '14:00', 30, '', '', '', '', '', '', '', '', '', '', '', '', '', '', '', '', '', '', '', '', '', '', '', '', '', '', '', '', '', '', '', '', '', '', '', '', '', '', '', '', '', '', '', '', '', '', '', '', '', '', '', '', '', '', '', '', '', '', '', '', '', '', '', '', '', '', '', '', '', '', '', '', '', '', '', '', '', '', '', '', '', '', '', '', '', '', '', '', '', '', '', '', '', '', '', '', '', '', '', ''),
(18, 4, 4, '16:00', 30, '', '', '', '', '', '', '', '', '', '', '', '', '', '', '', '', '', '', '', '', '', '', '', '', '', '', '', '', '', '', '', '', '', '', '', '', '', '', '', '', '', '', '', '', '', '', '', '', '', '', '', '', '', '', '', '', '', '', '', '', '', '', '', '', '', '', '', '', '', '', '', '', '', '', '', '', '', '', '', '', '', '', '', '', '', '', '', '', '', '', '', '', '', '', '', '', '', '', '', ''),
(19, 4, 2, '18:00', 30, 'O', '', '', 'O', '', '', '', '', 'D', '', '', '', '', 'O', 'D', '', '', '', '', '', '', '', '', '', 'O', '', '', '', '', '', '', '', '', '', '', 'O', '', '', '', '', '', '', '', '', '', '', '', '', '', '', '', '', '', '', '', '', '', '', '', '', '', '', '', '', '', '', '', '', '', '', '', '', '', '', '', '', '', '', '', '', '', '', '', '', '', '', '', '', '', '', '', '', '', '', '', '', '', '', '', ''),
(20, 4, 2, '20:20', 30, '', '', '', '', '', '', '', '', '', '', '', '', '', '', '', '', '', '', '', '', '', '', '', '', '', '', '', '', '', '', '', '', '', '', '', '', '', '', '', '', '', '', '', '', '', '', '', '', '', '', '', '', '', '', '', '', '', '', '', '', '', '', '', '', '', '', '', '', '', '', '', '', '', '', '', '', '', '', '', '', '', '', '', '', '', '', '', '', '', '', '', '', '', '', '', '', '', '', '', ''),
(21, 4, 2, '22:40', 30, '', '', '', '', '', '', '', '', '', '', '', '', '', '', '', '', '', '', '', '', '', '', '', '', '', '', '', '', '', '', '', '', '', '', '', '', '', '', '', '', '', '', '', '', '', '', '', '', '', '', '', '', '', '', '', '', '', '', '', '', '', '', '', '', '', '', '', '', '', '', '', '', '', '', '', '', '', '', '', '', '', '', '', '', '', '', '', '', '', '', '', '', '', '', '', '', '', '', '', ''),
(22, 5, 11, '12:20', 30, '', '', '', '', '', '', '', '', '', '', '', '', '', '', '', '', '', '', '', '', '', '', '', '', '', '', '', '', '', '', '', '', '', '', '', '', '', '', '', '', '', '', '', '', '', '', '', '', '', '', '', '', '', '', '', '', '', '', '', '', '', '', '', '', '', '', '', '', '', '', '', '', '', '', '', '', '', '', '', '', '', '', '', '', '', '', '', '', '', '', '', '', '', '', '', '', '', '', '', ''),
(23, 5, 11, '14:15', 30, '', '', '', '', '', '', '', '', '', '', '', '', '', '', '', '', '', '', '', '', '', '', '', '', '', '', '', '', '', '', '', '', '', '', '', '', '', '', '', '', '', '', '', '', '', '', '', '', '', '', '', '', '', '', '', '', '', '', '', '', '', '', '', '', '', '', '', '', '', '', '', '', '', '', '', '', '', '', '', '', '', '', '', '', '', '', '', '', '', '', '', '', '', '', '', '', '', '', '', ''),
(24, 5, 10, '16:10', 30, '', '', '', '', '', '', '', '', '', '', '', '', '', '', '', '', '', '', '', '', '', '', '', '', '', '', '', '', '', '', '', '', '', '', '', '', '', '', '', '', '', '', '', '', '', '', '', '', '', '', '', '', '', '', '', '', '', '', '', '', '', '', '', '', '', '', '', '', '', '', '', '', '', '', '', '', '', '', '', '', '', '', '', '', '', '', '', '', '', '', '', '', '', '', '', '', '', '', '', ''),
(25, 5, 10, '18:45', 30, '', '', '', '', '', '', '', '', '', '', '', '', '', '', '', '', '', '', '', '', '', '', '', '', '', '', '', '', '', '', '', '', '', '', '', '', '', '', '', '', '', '', '', '', '', '', '', '', '', '', '', '', '', '', '', '', '', '', '', '', '', '', '', '', '', '', '', '', '', '', '', '', '', '', '', '', '', '', '', '', '', '', '', '', '', '', '', '', '', '', '', '', '', '', '', '', '', '', '', ''),
(26, 5, 10, '21:15', 30, '', '', '', '', '', '', '', '', '', '', '', '', '', '', '', '', '', '', '', '', '', '', '', '', '', '', '', '', '', '', '', '', '', '', '', '', '', '', '', '', '', '', '', '', '', '', '', '', '', '', '', '', '', '', '', '', '', '', '', '', '', '', '', '', '', '', '', '', '', '', '', '', '', '', '', '', '', '', '', '', '', '', '', '', '', '', '', '', '', '', '', '', '', '', '', '', '', '', '', ''),
(27, 6, 8, '12:00', 30, 'D', 'O', 'O', 'O', 'O', '', 'O', 'O', '', '', '', '', '', '', '', '', 'O', 'O', 'O', '', '', '', '', 'O', 'O', 'O', '', '', 'O', '', '', '', '', '', '', '', '', '', 'O', '', '', '', '', '', '', '', '', '', '', '', '', '', '', 'O', 'O', '', '', '', '', 'O', '', '', '', '', '', '', '', '', '', '', '', '', '', '', 'O', 'O', 'O', '', '', '', '', '', '', 'O', 'O', '', 'O', '', '', '', '', 'O', 'O', '', 'O', 'O', 'O', 'O', 'O', 'O'),
(28, 6, 6, '13:40', 30, 'O', 'O', 'O', '', 'O', 'O', '', '', '', '', '', '', '', 'O', '', '', 'O', 'O', '', '', '', '', '', '', '', '', '', 'O', '', 'O', '', '', '', 'O', '', '', '', '', '', '', '', '', '', '', 'O', 'O', 'O', '', '', '', '', 'O', 'O', '', '', '', '', '', '', '', '', '', '', '', '', '', '', '', '', '', '', '', '', '', '', '', '', '', '', '', '', '', 'O', 'O', 'O', '', '', '', '', 'O', 'O', '', '', '', '', '', '', 'O', '', 'O'),
(29, 6, 6, '15:30', 30, '', '', '', '', '', '', '', '', '', '', '', '', '', '', '', '', '', '', '', '', '', '', '', '', '', '', '', '', '', '', '', '', '', '', '', '', '', '', '', '', '', '', '', '', '', '', '', '', '', '', '', '', '', '', '', '', '', '', '', '', '', '', '', '', '', '', '', '', '', '', '', '', '', '', '', '', '', '', '', '', '', '', '', '', '', '', '', '', '', '', '', '', '', '', '', '', '', '', '', ''),
(30, 6, 3, '17:20', 30, 'D', 'D', 'O', '', '', '', '', 'D', 'O', 'O', '', '', '', '', 'O', '', '', '', '', '', '', '', '', 'O', 'D', '', '', '', '', '', '', '', '', 'O', 'O', '', '', '', '', '', '', 'O', 'O', 'D', '', '', '', '', '', '', '', '', 'O', 'O', '', 'O', '', '', '', '', '', '', '', '', '', '', 'O', '', '', '', '', '', '', '', '', '', 'O', '', '', '', '', '', '', '', '', '', '', '', '', '', '', '', '', '', '', '', '', '', '', ''),
(31, 6, 3, '19:20', 30, '', '', '', '', '', '', '', '', '', '', '', '', '', '', '', '', '', '', '', '', '', '', '', '', '', '', '', '', '', '', '', '', '', '', '', '', '', '', '', '', '', '', '', '', '', '', '', '', '', '', '', '', '', '', '', '', '', '', '', '', '', '', '', '', '', '', '', '', '', '', '', '', '', '', '', '', '', '', '', '', '', '', '', '', '', '', '', '', '', '', '', '', '', '', '', '', '', '', '', ''),
(32, 6, 3, '21:20', 30, '', '', '', '', '', '', '', '', '', '', '', '', '', '', '', '', '', '', '', '', '', '', '', '', '', '', '', '', '', '', '', '', '', '', '', '', '', '', '', '', '', '', '', '', '', '', '', '', '', '', '', '', '', '', '', '', '', '', '', '', '', '', '', '', '', '', '', '', '', '', '', '', '', '', '', '', '', '', '', '', '', '', '', '', '', '', '', '', '', '', '', '', '', '', '', '', '', '', '', ''),
(33, 7, 1, '13:00', 55, '', '', '', '', '', '', '', '', '', '', '', '', '', '', '', '', '', '', '', '', '', '', '', '', '', '', '', '', '', '', '', '', '', '', '', '', '', '', '', '', '', '', '', '', '', '', '', '', '', '', '', '', '', '', '', '', '', '', '', '', '', '', '', '', '', '', '', '', '', '', '', '', '', '', '', '', '', '', '', '', '', '', '', '', '', '', '', '', '', '', '', '', '', '', '', '', '', '', '', ''),
(34, 7, 1, '15:45', 55, '', '', '', '', '', '', '', '', '', '', '', '', '', '', '', '', '', '', '', '', '', '', '', '', '', '', '', '', '', '', '', '', '', '', '', '', '', '', '', '', '', '', '', '', '', '', '', '', '', '', '', '', '', '', '', '', '', '', '', '', '', '', '', '', '', '', '', '', '', '', '', '', '', '', '', '', '', '', '', '', '', '', '', '', '', '', '', '', '', '', '', '', '', '', '', '', '', '', '', ''),
(35, 7, 1, '18:30', 55, '', '', '', '', '', '', '', '', '', '', '', '', '', '', '', '', '', '', '', '', '', '', '', '', '', '', '', '', '', '', '', '', '', '', '', '', '', '', '', '', '', '', '', '', '', '', '', '', '', '', '', '', '', '', '', '', '', '', '', '', '', '', '', '', '', '', '', '', '', '', '', '', '', '', '', '', '', '', '', '', '', '', '', '', '', '', '', '', '', '', '', '', '', '', '', '', '', '', '', ''),
(36, 7, 1, '21:15', 55, '', '', '', '', '', '', '', '', '', '', '', '', '', '', '', '', '', '', '', '', '', '', '', '', '', '', '', '', '', '', '', '', '', '', '', '', '', '', '', '', '', '', '', '', '', '', '', '', '', '', '', '', '', '', '', '', '', '', '', '', '', '', '', '', '', '', '', '', '', '', '', '', '', '', '', '', '', '', '', '', '', '', '', '', '', '', '', '', '', '', '', '', '', '', '', '', '', '', '', ''),
(37, 8, 2, '12:00', 55, '', '', '', '', '', '', '', '', '', '', '', '', '', '', '', '', '', '', '', '', '', '', '', '', '', '', '', '', '', '', '', '', '', '', '', '', '', '', '', '', '', '', '', '', '', '', '', '', '', '', '', '', '', '', '', '', '', '', '', '', '', '', '', '', '', '', '', '', '', '', '', '', '', '', '', '', '', '', '', '', '', '', '', '', '', '', '', '', '', '', '', '', '', '', 'O', '', '', '', '', ''),
(38, 8, 2, '14:15', 55, '', '', '', '', '', '', '', '', '', '', '', '', '', '', '', '', '', '', '', '', '', '', '', '', '', '', '', '', '', '', '', '', '', '', '', '', '', '', '', '', '', '', '', '', '', '', '', '', '', '', '', '', '', '', '', '', '', '', '', '', '', '', '', '', '', '', '', '', '', '', '', '', '', '', '', '', '', '', '', '', '', '', '', '', '', '', '', '', '', '', '', '', '', '', '', '', '', '', '', ''),
(39, 8, 2, '16:30', 55, '', '', '', '', '', '', '', '', '', '', '', '', '', '', '', '', '', '', '', '', '', '', '', '', '', '', '', '', '', '', '', '', '', '', '', '', '', '', '', '', '', '', '', '', '', '', '', '', '', '', '', '', '', '', '', '', '', '', '', '', '', '', '', '', '', '', '', '', '', '', '', '', '', '', '', '', '', '', '', '', '', '', '', '', '', '', '', '', '', '', '', '', '', '', '', '', '', '', '', ''),
(40, 8, 2, '18:45', 55, '', '', '', '', '', '', '', '', '', '', '', '', '', '', '', '', '', '', '', '', '', '', '', '', '', '', '', '', '', '', '', '', '', '', '', '', '', '', '', '', '', '', '', '', '', '', '', '', '', '', '', '', '', '', '', '', '', '', '', '', '', '', '', '', '', '', '', '', '', '', '', '', '', '', '', '', '', '', '', '', '', '', '', '', '', '', '', '', '', '', '', '', '', '', '', '', '', '', '', ''),
(41, 8, 2, '21:00', 55, '', '', '', '', '', '', '', '', '', '', '', '', '', '', '', '', '', '', '', '', '', '', '', '', '', '', '', '', '', '', '', '', '', '', '', '', '', '', '', '', '', '', '', '', '', '', '', '', '', '', '', '', '', '', '', '', '', '', '', '', '', '', '', '', '', '', '', '', '', '', '', '', '', '', '', '', '', '', '', '', '', '', '', '', '', '', '', '', '', '', '', '', '', '', '', '', '', '', '', ''),
(42, 9, 8, '12:00', 40, '', '', '', '', '', '', '', '', '', '', '', '', '', '', '', '', '', '', '', '', '', '', '', '', '', '', '', '', '', '', '', '', '', '', '', '', '', '', '', '', '', '', '', '', '', '', '', '', '', '', '', '', '', '', '', '', '', '', '', '', '', '', '', '', '', '', '', '', '', '', '', '', '', '', '', '', '', '', '', '', '', '', '', '', '', '', '', '', '', '', '', '', '', '', '', '', '', '', '', ''),
(43, 9, 6, '13:40', 40, '', '', '', '', '', '', '', '', '', '', '', '', '', '', '', '', '', '', '', '', '', '', '', '', '', '', '', '', '', '', '', '', '', '', '', '', '', '', '', '', '', '', '', '', '', '', '', '', '', '', '', '', '', '', '', '', '', '', '', '', '', '', '', '', '', '', '', '', '', '', '', '', '', '', '', '', '', '', '', '', '', '', '', '', '', '', '', '', '', '', '', '', '', '', '', '', '', '', '', ''),
(44, 9, 6, '15:30', 40, '', '', '', '', '', '', '', '', '', '', '', '', '', '', '', '', '', '', '', '', '', '', '', '', '', '', '', '', '', '', '', '', '', '', '', '', '', '', '', '', '', '', '', '', '', '', '', '', '', '', '', '', '', '', '', '', '', '', '', '', '', '', '', '', '', '', '', '', '', '', '', '', '', '', '', '', '', '', '', '', '', '', '', '', '', '', '', '', '', '', '', '', '', '', '', '', '', '', '', ''),
(45, 9, 3, '17:20', 40, '', '', '', '', '', '', '', '', '', '', '', '', '', '', '', '', '', '', '', '', '', '', '', '', '', '', '', '', '', '', '', '', '', '', '', '', '', '', '', '', '', '', '', '', '', '', '', '', '', '', '', '', '', '', '', '', '', '', '', '', '', '', '', '', '', '', '', '', '', '', '', '', '', '', '', '', '', '', '', '', '', '', '', '', '', '', '', '', '', '', '', '', '', '', '', '', '', '', '', ''),
(46, 9, 3, '19:20', 40, '', '', '', '', '', '', '', '', '', '', '', '', '', '', '', '', '', '', '', '', '', '', '', '', '', '', '', '', '', '', '', '', '', '', '', '', '', '', '', '', '', '', '', '', '', '', '', '', '', '', '', '', '', '', '', '', '', '', '', '', '', '', '', '', '', '', '', '', '', '', '', '', '', '', '', '', '', '', '', '', '', '', '', '', '', '', '', '', '', '', '', '', '', '', '', '', '', '', '', ''),
(47, 9, 3, '21:20', 40, 'D', '', '', '', '', '', '', '', '', '', 'O', 'D', '', '', '', 'D', '', '', '', '', '', '', '', '', '', '', '', '', '', '', '', '', '', '', '', '', '', '', '', '', '', '', '', '', 'D', '', '', '', '', '', '', '', '', '', '', '', '', '', '', '', '', '', '', '', '', '', '', 'D', '', '', '', '', '', '', '', '', '', '', '', '', '', '', '', '', '', '', '', '', '', '', '', '', '', '', '', '', '', '', '', ''),
(48, 10, 3, '12:10', 40, '', '', '', '', '', '', '', '', '', '', '', '', '', '', '', '', '', '', '', '', '', '', '', '', '', '', '', '', '', '', '', '', '', '', '', '', '', '', '', '', '', '', '', '', '', '', '', '', '', '', '', '', '', '', '', '', '', '', '', '', '', '', '', '', '', '', '', '', '', '', '', '', '', '', '', '', '', '', '', '', '', '', '', '', '', '', '', '', '', '', '', '', '', '', '', '', '', '', '', ''),
(49, 10, 3, '14:15', 40, '', '', '', '', '', '', '', '', '', '', '', '', '', '', '', '', '', '', '', '', '', '', '', '', '', '', '', '', '', '', '', '', '', '', '', '', '', '', '', '', '', '', '', '', '', '', '', '', '', '', '', '', '', '', '', '', '', '', '', '', '', '', '', '', '', '', '', '', '', '', '', '', '', '', '', '', '', '', '', '', '', '', '', '', '', '', '', '', '', '', '', '', '', '', '', '', '', '', '', ''),
(50, 10, 3, '16:20', 40, '', '', '', '', '', '', '', '', '', '', '', '', '', '', '', '', '', '', '', '', '', '', '', '', '', '', '', '', '', '', '', '', '', '', '', '', '', '', '', '', '', '', '', '', '', '', '', '', '', '', '', '', '', '', '', '', '', '', '', '', '', '', '', '', '', '', '', '', '', '', '', '', '', '', '', '', '', '', '', '', '', '', '', '', '', '', '', '', '', '', '', '', '', '', '', '', '', '', '', ''),
(51, 10, 6, '18:30', 40, 'O', '', '', '', 'O', '', '', '', '', '', 'O', '', '', '', '', '', '', '', '', '', '', 'O', '', 'D', '', 'O', '', '', '', '', '', '', '', '', '', '', '', '', '', '', '', '', '', '', '', '', '', '', '', '', '', '', '', '', 'O', 'O', '', '', '', '', '', '', '', 'O', '', '', '', '', '', '', '', '', '', '', '', '', '', '', '', '', '', '', '', '', '', 'O', '', '', '', '', '', '', '', '', '', '', '', '', '', ''),
(52, 10, 6, '20:20', 40, '', '', '', '', '', '', '', '', '', '', '', '', '', '', '', '', '', '', '', '', '', '', '', '', '', '', '', '', '', '', '', '', '', '', '', '', '', '', '', '', '', '', '', '', '', '', '', '', '', '', '', '', '', '', '', '', '', '', '', '', '', '', '', '', '', '', '', '', '', '', '', '', '', '', '', '', '', '', '', '', '', '', '', '', '', '', '', '', '', '', '', '', '', '', '', '', '', '', '', ''),
(53, 10, 8, '20:10', 40, '', '', '', '', '', '', '', '', '', '', '', '', '', '', '', '', '', '', '', '', '', '', '', '', '', '', '', '', '', '', '', '', '', '', '', '', '', '', '', '', '', '', '', '', '', '', '', '', '', '', '', '', '', '', '', '', '', '', '', '', '', '', '', '', '', '', '', '', '', '', '', '', '', '', '', '', '', '', '', '', '', '', '', '', '', '', '', '', '', '', '', '', '', '', '', '', '', '', '', ''),
(54, 11, 1, '13:00', 70, '', '', '', '', '', '', '', '', '', '', '', '', '', '', '', '', '', '', '', '', '', '', '', '', '', '', '', '', '', '', '', '', '', '', '', '', '', '', '', '', '', '', '', '', '', '', '', '', '', '', '', '', '', '', '', '', '', '', '', '', '', '', '', '', '', '', '', '', '', '', '', '', '', '', '', '', '', '', '', '', '', '', '', '', '', '', '', '', '', '', '', '', '', '', '', '', '', '', '', ''),
(55, 11, 1, '15:45', 70, '', '', '', '', '', '', '', '', '', '', '', '', '', '', '', '', '', '', '', '', '', '', '', '', '', '', '', '', '', '', '', '', '', '', '', '', '', '', '', '', '', '', '', '', '', '', '', '', '', '', '', '', '', '', '', '', '', '', '', '', '', '', '', '', '', '', '', '', '', '', '', '', '', '', '', '', '', '', '', '', '', '', '', '', '', '', '', '', '', '', '', '', '', '', '', '', '', '', '', ''),
(56, 11, 1, '18:30', 70, '', '', '', '', '', '', '', '', '', '', '', '', '', '', '', '', '', '', '', '', '', '', '', '', '', '', '', '', '', '', '', '', '', '', '', '', '', '', '', '', '', '', '', '', '', '', '', '', '', '', '', '', '', '', '', '', '', '', '', '', '', '', '', '', '', '', '', '', '', '', '', '', '', '', '', '', '', '', '', '', '', '', '', '', '', '', '', '', '', '', '', '', '', '', '', '', '', '', '', ''),
(57, 11, 1, '21:15', 70, '', '', '', '', '', '', '', '', '', '', '', '', '', '', '', '', '', '', '', '', '', '', '', '', '', '', '', '', '', '', '', '', '', '', '', '', '', '', '', '', '', '', '', '', '', '', '', '', '', '', '', '', '', '', '', '', '', '', '', '', '', '', '', '', '', '', '', '', '', '', '', '', '', '', '', '', '', '', '', '', '', '', '', '', '', '', '', '', '', '', '', '', '', '', '', '', '', '', '', ''),
(58, 12, 2, '12:01', 70, '', '', '', '', '', '', '', '', '', '', '', '', '', '', '', '', '', '', '', '', '', '', '', '', '', '', '', '', '', '', '', '', '', '', '', '', '', '', '', '', '', '', '', '', '', '', '', '', '', '', '', '', '', '', '', '', '', '', '', '', '', '', '', '', '', '', '', '', '', '', '', '', '', '', '', '', '', '', '', '', '', '', '', '', '', '', '', '', '', '', '', '', '', '', '', '', '', '', '', ''),
(59, 12, 2, '14:15', 70, '', '', '', '', '', '', '', '', '', '', '', '', '', '', '', '', '', '', '', '', '', '', '', '', '', '', '', '', '', '', '', '', '', '', '', '', '', '', '', '', '', '', '', '', '', '', '', '', '', '', '', '', '', '', '', '', '', '', '', '', '', '', '', '', '', '', '', '', '', '', '', '', '', '', '', '', '', '', '', '', '', '', '', '', '', '', '', '', '', '', '', '', '', '', '', '', '', '', '', ''),
(60, 12, 2, '16:30', 70, '', '', '', '', '', '', '', '', '', '', '', '', '', '', '', '', '', '', '', '', '', '', '', '', '', '', '', '', '', '', '', '', '', '', '', '', '', '', '', '', '', '', '', '', '', '', '', '', '', '', '', '', '', '', '', '', '', '', '', '', '', '', '', '', '', '', '', '', '', '', '', '', '', '', '', '', '', '', '', '', '', '', '', '', '', '', '', '', '', '', '', '', '', '', '', '', '', '', '', ''),
(61, 12, 2, '18:45', 70, '', '', '', '', '', '', '', '', '', '', '', '', '', '', '', '', '', '', '', '', '', '', '', '', '', '', '', '', '', '', '', '', '', '', '', '', '', '', '', '', '', '', '', '', '', '', '', '', '', '', '', '', '', '', '', '', '', '', '', '', '', '', '', '', '', '', '', '', '', '', '', '', '', '', '', '', '', '', '', '', '', '', '', '', '', '', '', '', '', '', '', '', '', '', '', '', '', '', '', ''),
(62, 12, 2, '21:00', 70, '', '', '', '', '', '', '', '', '', '', '', '', '', '', '', '', '', '', '', '', '', '', '', '', '', '', '', '', '', '', '', '', '', '', '', '', '', '', '', '', '', '', '', '', '', '', '', '', '', '', '', '', '', '', '', '', '', '', '', '', '', '', '', '', '', '', '', '', '', '', '', '', '', '', '', '', '', '', '', '', '', '', '', '', '', '', '', '', '', '', '', '', '', '', '', '', '', '', '', ''),
(63, 13, 1, '12:10', 70, '', '', '', '', '', '', '', '', '', '', '', '', '', '', '', '', '', '', '', '', '', '', '', '', '', '', '', '', '', '', '', '', '', '', '', '', '', '', '', '', '', '', '', '', '', '', '', '', '', '', '', '', '', '', '', '', '', '', '', '', '', '', '', '', '', '', '', '', '', '', '', '', '', '', '', '', '', '', '', '', '', '', '', '', '', '', '', '', '', '', '', '', '', '', '', '', '', '', '', ''),
(64, 13, 1, '14:55', 70, '', '', '', '', '', '', '', '', '', '', '', '', '', '', '', '', '', '', '', '', '', '', '', '', '', '', '', '', '', '', '', '', '', '', '', '', '', '', '', '', '', '', '', '', '', '', '', '', '', '', '', '', '', '', '', '', '', '', '', '', '', '', '', '', '', '', '', '', '', '', '', '', '', '', '', '', '', '', '', '', '', '', '', '', '', '', '', '', '', '', '', '', '', '', '', '', '', '', '', ''),
(65, 13, 1, '17:40', 70, '', '', '', '', '', '', '', '', '', '', '', '', '', '', '', '', '', '', '', '', '', '', '', '', '', '', '', '', '', '', '', '', '', '', '', '', '', '', '', '', '', '', '', '', '', '', '', '', '', '', '', '', '', '', '', '', '', '', '', '', '', '', '', '', '', '', '', '', '', '', '', '', '', '', '', '', '', '', '', '', '', '', '', '', '', '', '', '', '', '', '', '', '', '', '', '', '', '', '', ''),
(66, 13, 1, '20:25', 70, '', '', '', '', '', '', '', '', '', '', '', '', '', '', '', '', '', '', '', '', '', '', '', '', '', '', '', '', '', '', '', '', '', '', '', '', '', '', '', '', '', '', '', '', '', '', '', '', '', '', '', '', '', '', '', '', '', '', '', '', '', '', '', '', '', '', '', '', '', '', '', '', '', '', '', '', '', '', '', '', '', '', '', '', '', '', '', '', '', '', '', '', '', '', '', '', '', '', '', ''),
(67, 13, 1, '23:10', 70, '', '', '', '', '', '', '', '', '', '', '', '', '', '', '', '', '', '', '', '', '', '', '', '', '', '', '', '', '', '', '', '', '', '', '', '', '', '', '', '', '', '', '', '', '', '', '', '', '', '', '', '', '', '', '', '', '', '', '', '', '', '', '', '', '', '', '', '', '', '', '', '', '', '', '', '', '', '', '', '', '', '', '', '', '', '', '', '', '', '', '', '', '', '', '', '', '', '', '', ''),
(68, 14, 1, '12:30', 70, '', '', '', '', '', '', '', '', '', '', '', '', '', '', '', '', '', '', '', '', '', '', '', '', '', '', '', '', '', '', '', '', '', '', '', '', '', '', '', '', '', '', '', '', '', '', '', '', '', '', '', '', '', '', '', '', '', '', '', '', '', '', '', '', '', '', '', '', '', '', '', '', '', '', '', '', '', '', '', '', '', '', '', '', '', '', '', '', '', '', '', '', '', '', '', '', '', '', '', ''),
(69, 14, 1, '15:15', 70, '', '', '', '', '', '', '', '', '', '', '', '', '', '', '', '', '', '', '', '', '', '', '', '', '', '', '', '', '', '', '', '', '', '', '', '', '', '', '', '', '', '', '', '', '', '', '', '', '', '', '', '', '', '', '', '', '', '', '', '', '', '', '', '', '', '', '', '', '', '', '', '', '', '', '', '', '', '', '', '', '', '', '', '', '', '', '', '', '', '', '', '', '', '', '', '', '', '', '', ''),
(70, 14, 9, '18:00', 70, '', '', '', '', '', '', '', '', '', '', '', '', '', '', '', '', '', '', '', '', '', '', '', '', '', '', '', '', '', '', '', '', '', '', '', '', '', '', '', '', '', '', '', '', '', '', '', '', '', '', '', '', '', '', '', '', '', '', '', '', '', '', '', '', '', '', '', '', '', '', '', '', '', '', '', '', '', '', '', '', '', '', '', '', '', '', '', '', '', '', '', '', '', '', '', '', '', '', '', ''),
(71, 14, 9, '19:55', 70, '', '', '', '', '', '', '', '', '', '', '', '', '', '', '', '', '', '', '', '', '', '', '', '', '', '', '', '', '', '', '', '', '', '', '', '', '', '', '', '', '', '', '', '', '', '', '', '', '', '', '', '', '', '', '', '', '', '', '', '', '', '', '', '', '', '', '', '', '', '', '', '', '', '', '', '', '', '', '', '', '', '', '', '', '', '', '', '', '', '', '', '', '', '', '', '', '', '', '', ''),
(72, 14, 9, '21:50', 70, '', '', '', '', '', '', '', '', '', '', '', '', '', '', '', '', '', '', '', '', '', '', '', '', '', '', '', '', '', '', '', '', '', '', '', '', '', '', '', '', '', '', '', '', '', '', '', '', '', '', '', '', '', '', '', '', '', '', '', '', '', '', '', '', '', '', '', '', '', '', '', '', '', '', '', '', '', '', '', '', '', '', '', '', '', '', '', '', '', '', '', '', '', '', '', '', '', '', '', ''),
(73, 15, 5, '13:00', 70, '', '', '', '', '', '', '', '', '', '', '', '', '', '', '', '', '', '', '', '', '', '', '', '', '', '', '', '', '', '', '', '', '', '', '', '', '', '', '', '', '', '', '', '', '', '', '', '', '', '', '', '', '', '', '', '', '', '', '', '', '', '', '', '', '', '', '', '', '', '', '', '', '', '', '', '', '', '', '', '', '', '', '', '', '', '', '', '', '', '', '', '', '', '', '', '', '', '', '', ''),
(74, 15, 5, '16:00', 70, '', '', '', '', '', '', '', '', '', '', '', '', '', '', '', '', '', '', '', '', '', '', '', '', '', '', '', '', '', '', '', '', '', '', '', '', '', '', '', '', '', '', '', '', '', '', '', '', '', '', '', '', '', '', '', '', '', '', '', '', '', '', '', '', '', '', '', '', '', '', '', '', '', '', '', '', '', '', '', '', '', '', '', '', '', '', '', '', '', '', '', '', '', '', '', '', '', '', '', ''),
(75, 15, 7, '19:00', 70, '', '', '', '', '', '', '', '', '', '', '', '', '', '', '', '', '', '', '', '', '', '', '', '', '', '', '', '', '', '', '', '', '', '', '', '', '', '', '', '', '', '', '', '', '', '', '', '', '', '', '', '', '', '', '', '', '', '', '', '', '', '', '', '', '', '', '', '', '', '', '', '', '', '', '', '', '', '', '', '', '', '', '', '', '', '', '', '', '', '', '', '', '', '', '', '', '', '', '', ''),
(76, 15, 7, '21:05', 70, '', 'O', '', '', '', 'O', '', '', '', 'O', '', '', '', '', '', '', 'O', '', '', 'D', '', '', '', '', '', '', '', '', '', 'O', '', '', '', '', '', '', '', '', '', '', '', '', '', '', '', '', 'O', '', '', '', '', '', 'O', '', '', '', '', '', '', '', '', '', '', '', '', '', '', '', '', '', '', 'O', '', '', 'O', '', '', 'O', '', '', '', '', 'O', '', '', '', 'O', '', '', '', '', 'O', '', '', '', '', '', '', '', 'O'),
(77, 15, 7, '23:00', 70, '', '', '', '', '', '', '', '', '', '', '', '', '', '', '', '', '', '', '', '', '', '', '', '', '', '', '', '', '', '', '', '', '', '', '', '', '', '', '', '', '', '', '', '', '', '', '', '', '', '', '', '', '', '', '', '', '', '', '', '', '', '', '', '', '', '', '', '', '', '', '', '', '', '', '', '', '', '', '', '', '', '', '', '', '', '', '', '', '', '', '', '', '', '', '', '', '', '', '', ''),
(78, 16, 4, '12:00', 70, '', '', '', '', '', '', '', '', '', '', '', '', '', '', '', '', '', '', '', '', '', '', '', '', '', '', '', '', '', '', '', '', '', '', '', '', '', '', '', '', '', '', '', '', '', '', '', '', '', '', '', '', '', '', '', '', '', '', '', '', '', '', '', '', '', '', '', '', '', '', '', '', '', '', '', '', '', '', '', '', '', '', '', '', '', '', '', '', '', '', '', '', '', '', '', '', '', '', '', ''),
(79, 16, 4, '14:00', 70, '', '', '', '', '', '', '', '', '', '', '', '', '', '', '', '', '', '', '', '', '', '', '', '', '', '', '', '', '', '', '', '', '', '', '', '', '', '', '', '', '', '', '', '', '', '', '', '', '', '', '', '', '', '', '', 'O', '', '', '', '', '', '', '', '', '', '', '', '', '', '', '', '', '', '', '', '', '', '', '', '', '', '', '', '', '', '', '', '', '', '', '', '', '', '', '', '', '', '', '', ''),
(80, 16, 4, '16:00', 70, '', '', '', '', '', '', '', '', '', '', '', '', '', '', '', '', '', '', '', '', '', '', '', '', '', '', '', '', '', '', '', '', '', '', '', '', '', '', '', '', '', '', '', '', '', '', '', '', '', '', '', '', '', '', '', '', '', '', '', '', '', '', '', '', '', '', '', '', '', '', '', '', '', '', '', '', '', '', '', '', '', '', '', '', '', '', '', '', '', '', '', '', '', '', '', '', '', '', '', ''),
(81, 16, 2, '18:00', 70, '', '', '', '', '', '', '', '', '', '', '', '', '', '', '', '', '', '', '', '', '', '', '', '', '', '', '', '', '', '', '', '', '', '', '', '', '', '', '', '', '', '', '', '', '', '', '', '', '', '', '', '', '', '', '', '', '', '', '', '', '', '', '', '', '', '', '', '', '', '', '', '', '', '', '', '', '', '', '', '', '', '', '', '', '', '', '', '', '', '', '', '', '', '', '', '', '', '', '', ''),
(82, 16, 2, '20:20', 70, '', '', '', '', '', '', '', '', '', '', '', '', '', '', '', '', '', '', '', '', '', '', '', '', '', '', '', '', '', '', '', '', '', '', '', '', '', '', '', '', '', '', '', '', '', '', '', '', '', '', '', '', '', '', '', '', '', '', '', '', '', '', '', '', '', '', '', '', '', '', '', '', '', '', '', '', '', '', '', '', '', '', '', '', '', '', '', '', '', '', '', '', '', '', '', '', '', '', '', ''),
(83, 16, 2, '22:40', 70, '', '', '', '', '', '', '', '', '', '', '', '', '', '', '', '', '', '', '', '', '', '', '', '', '', '', '', '', '', '', '', '', '', '', '', '', '', '', '', '', '', '', '', '', '', '', '', '', '', '', '', '', '', '', '', '', '', '', '', '', '', '', '', '', '', '', '', '', '', '', '', '', '', '', '', '', '', '', '', '', '', '', '', '', '', '', '', '', '', '', '', '', '', '', '', '', '', '', '', ''),
(84, 17, 11, '12:20', 70, '', '', '', '', '', '', '', '', '', '', '', '', '', '', '', '', '', '', '', '', '', '', '', '', '', '', '', '', '', '', '', '', '', '', '', '', '', '', '', '', '', '', '', '', '', '', '', '', '', '', '', '', '', '', '', '', '', '', '', '', '', '', '', '', '', '', '', '', '', '', '', '', '', '', '', '', '', '', '', '', '', '', '', '', '', '', '', '', '', '', '', '', '', '', '', '', '', '', '', ''),
(85, 17, 11, '14:15', 70, '', '', '', '', '', '', '', '', '', '', '', '', '', '', '', '', '', '', '', '', '', '', '', '', '', '', '', '', '', '', '', '', '', '', '', '', '', '', '', '', '', '', '', '', '', '', '', '', '', '', '', '', '', '', '', '', '', '', '', '', '', '', '', '', '', '', '', '', '', '', '', '', '', '', '', '', '', '', '', '', '', '', '', '', '', '', '', '', '', '', '', '', '', '', '', '', '', '', '', ''),
(86, 17, 10, '16:10', 70, '', '', '', '', '', '', '', '', '', '', '', '', '', '', '', '', '', '', '', '', '', '', '', '', '', '', '', '', '', '', '', '', '', '', '', '', '', '', '', '', '', '', '', '', '', '', '', '', '', '', '', '', '', '', '', '', '', '', '', '', '', '', '', '', '', '', '', '', '', '', '', '', '', '', '', '', '', '', '', '', '', '', '', '', '', '', '', '', '', '', '', '', '', '', '', '', '', '', '', ''),
(87, 17, 10, '18:45', 70, '', '', '', '', '', '', '', '', '', '', '', '', '', '', '', '', '', '', '', '', '', '', '', '', '', '', '', '', '', '', '', '', '', '', '', '', '', '', '', '', '', '', '', '', '', '', '', '', '', '', '', '', '', '', '', '', '', '', '', '', '', '', '', '', '', '', '', '', '', '', '', '', '', '', '', '', '', '', '', '', '', '', '', '', '', '', '', '', '', '', '', '', '', '', '', '', '', '', '', ''),
(88, 17, 10, '21:15', 70, '', '', '', '', '', '', '', '', '', '', '', '', '', '', '', '', '', '', '', '', '', '', '', '', '', '', '', '', '', '', '', '', '', '', '', '', '', '', '', '', '', '', '', '', '', '', '', '', '', '', '', '', '', '', '', '', '', '', '', '', '', '', '', '', '', '', '', '', '', '', '', '', '', '', '', '', '', '', '', '', '', '', '', '', '', '', '', '', '', '', '', '', '', '', '', '', '', '', '', ''),
(89, 18, 2, '12:10', 70, '', '', '', '', '', '', '', '', '', '', '', '', '', '', '', '', '', '', '', '', '', '', '', '', '', '', '', '', '', '', '', '', '', '', '', '', '', '', '', '', '', '', '', '', '', '', '', '', '', '', '', '', '', '', '', '', '', '', '', '', '', '', '', '', '', '', '', '', '', '', '', '', '', '', '', '', '', '', '', '', '', '', '', '', '', '', '', '', '', '', '', '', '', '', '', '', '', '', '', ''),
(90, 18, 2, '14:28', 70, '', '', '', '', '', '', '', '', '', '', '', '', '', '', '', '', '', '', '', '', '', '', '', '', '', '', '', '', '', '', '', '', '', '', '', '', '', '', '', '', '', '', '', '', '', '', '', '', '', '', '', '', '', '', '', '', '', '', '', '', '', '', '', '', '', '', '', '', '', '', '', '', '', '', '', '', '', '', '', '', '', '', '', '', '', '', '', '', '', '', '', '', '', '', '', '', '', '', '', ''),
(91, 18, 2, '16:46', 70, '', '', '', '', '', '', '', '', '', '', '', '', '', '', '', '', '', '', '', '', '', '', '', '', '', '', '', '', '', '', '', '', '', '', '', '', '', '', '', '', '', '', '', '', '', '', '', '', '', '', '', '', '', '', '', '', '', '', '', '', '', '', '', '', '', '', '', '', '', '', '', '', '', '', '', '', '', '', '', '', '', '', '', '', '', '', '', '', '', '', '', '', '', '', '', '', '', '', '', ''),
(92, 18, 4, '19:04', 70, '', '', '', '', '', '', '', '', '', '', '', '', '', '', '', '', '', '', '', '', '', '', '', '', '', '', '', '', '', '', '', '', '', '', '', '', '', '', '', '', '', '', '', '', '', '', '', '', '', '', '', '', '', '', '', '', '', '', '', '', '', '', '', '', '', '', '', '', '', '', '', '', '', '', '', '', '', '', '', '', '', '', '', '', '', '', '', '', '', '', '', '', '', '', '', '', '', '', '', ''),
(93, 18, 4, '21:10', 70, '', '', '', '', '', '', '', '', '', '', '', '', '', '', '', '', '', '', '', '', '', '', '', '', '', '', '', '', '', '', '', '', '', '', '', '', '', '', '', '', '', '', '', '', '', '', '', '', '', '', '', '', '', '', '', '', '', '', '', '', '', '', '', '', '', '', '', '', '', '', '', '', '', '', '', '', '', '', '', '', '', '', '', '', '', '', '', '', '', '', '', '', '', '', '', '', '', '', '', ''),
(94, 18, 5, '23:15', 70, '', '', '', '', '', '', '', '', '', '', '', '', '', '', '', '', '', '', '', '', '', '', '', '', '', '', '', '', '', '', '', '', '', '', '', '', '', '', '', '', '', '', '', '', '', '', '', '', '', '', '', '', '', '', '', '', '', '', '', '', '', '', '', '', '', '', '', '', '', '', '', '', '', '', '', '', '', '', '', '', '', '', '', '', '', '', '', '', '', '', '', '', '', '', '', '', '', '', '', ''),
(95, 19, 3, '12:10', 70, '', '', '', '', '', '', '', '', '', '', '', '', '', '', '', '', '', '', '', '', '', '', '', '', '', '', '', '', '', '', '', '', '', '', '', '', '', '', '', '', '', '', '', '', '', '', '', '', '', '', '', '', '', '', '', '', '', '', '', '', '', '', '', '', '', '', '', '', '', '', '', '', '', '', '', '', '', '', '', '', '', '', '', '', '', '', '', '', '', '', '', '', '', '', '', '', '', '', '', ''),
(96, 19, 3, '14:15', 70, '', '', '', '', '', '', '', '', '', '', '', '', '', '', '', '', '', '', '', '', '', '', '', '', '', '', '', '', '', '', '', '', '', '', '', '', '', '', '', '', '', '', '', '', '', '', '', '', '', '', '', '', '', '', '', '', '', '', '', '', '', '', '', '', '', '', '', '', '', '', '', '', '', '', '', '', '', '', '', '', '', '', '', '', '', '', '', '', '', '', '', '', '', '', '', '', '', '', '', ''),
(97, 19, 3, '16:20', 70, 'O', 'O', 'O', '', '', '', '', '', '', '', '', '', '', 'O', 'O', '', '', '', '', '', '', '', '', '', '', '', '', '', '', '', '', '', '', '', '', '', '', '', '', '', '', '', '', '', '', '', '', '', '', '', '', '', 'O', 'O', '', '', '', '', '', '', '', '', '', '', '', '', 'O', '', '', '', '', '', '', '', '', '', '', '', '', '', '', '', '', '', '', '', '', '', '', '', '', '', '', '', '', '', '', '', '', ''),
(98, 19, 3, '18:25', 70, '', '', '', '', '', '', '', '', '', '', '', '', '', '', '', '', '', '', '', '', '', '', '', '', '', '', '', '', '', '', '', '', '', '', '', '', '', '', '', '', '', '', '', '', '', '', '', '', '', '', '', '', '', '', '', '', '', '', '', '', '', '', '', '', '', '', '', '', '', '', '', '', '', '', '', '', '', '', '', '', '', '', '', '', '', '', '', '', '', '', '', '', '', '', '', '', '', '', '', ''),
(99, 19, 3, '20:30', 70, '', '', '', '', '', '', '', '', '', '', '', '', '', '', '', '', '', '', '', '', '', '', '', '', '', '', '', '', '', '', '', '', '', '', '', '', '', '', '', '', '', '', '', '', '', '', '', '', '', '', '', '', '', '', '', '', '', '', '', '', '', '', '', '', '', '', '', '', '', '', '', '', '', '', '', '', '', '', '', '', '', '', '', '', '', '', '', '', '', '', '', '', '', '', '', '', '', '', '', ''),
(100, 19, 3, '22:35', 70, '', '', '', '', '', '', '', '', '', '', '', '', '', '', '', '', '', '', '', '', '', '', '', '', '', '', '', '', '', '', '', '', '', '', '', '', '', '', '', '', '', '', '', '', 'O', 'O', '', 'O', '', '', '', '', '', '', '', '', '', '', '', '', '', '', '', '', '', '', '', '', '', '', '', '', '', '', '', '', '', '', '', '', '', '', '', '', '', '', '', '', '', '', '', '', '', 'O', 'O', 'O', 'O', '', '', ''),
(101, 20, 7, '12:20', 70, '', '', '', '', '', '', '', '', '', '', '', '', '', '', '', '', '', '', '', '', '', '', '', '', '', '', '', '', '', '', '', '', '', '', '', '', '', '', '', '', '', '', '', '', '', '', '', '', '', '', '', '', '', '', '', '', '', '', '', '', '', '', '', '', '', '', '', '', '', '', '', '', '', '', '', '', '', '', '', '', '', '', '', '', '', '', '', '', '', '', '', '', '', '', '', '', '', '', '', ''),
(102, 20, 10, '14:25', 70, '', '', '', '', '', '', '', '', '', '', '', '', '', '', '', '', '', '', '', '', '', '', '', '', '', '', '', '', '', '', '', '', '', '', '', '', '', '', '', '', '', '', '', '', '', '', '', '', '', '', '', '', '', '', '', '', '', '', '', '', '', '', '', '', '', '', '', '', '', '', '', '', '', '', '', '', '', '', '', '', '', '', '', '', '', '', '', '', '', '', '', '', '', '', '', '', '', '', '', ''),
(103, 20, 11, '16:30', 70, '', '', '', '', '', '', '', '', '', '', '', '', '', '', '', '', '', '', '', '', '', '', '', '', '', '', '', '', '', '', '', '', '', '', '', '', '', '', '', '', '', '', '', '', '', '', '', '', '', '', '', '', '', '', '', '', '', '', '', '', '', '', '', '', '', '', '', '', '', '', '', '', '', '', '', '', '', '', '', '', '', '', '', '', '', '', '', '', '', '', '', '', '', '', '', '', '', '', '', ''),
(104, 20, 8, '18:35', 70, '', '', '', '', '', '', '', '', '', '', '', '', '', '', '', '', '', '', '', '', '', '', '', '', '', '', '', '', '', '', '', '', '', '', '', '', '', '', '', '', '', '', '', '', '', '', '', '', '', '', '', '', '', '', '', '', '', '', '', '', '', '', '', '', '', '', '', '', '', '', '', '', '', '', '', '', '', '', '', '', '', '', '', '', '', '', '', '', '', '', '', '', '', '', '', '', '', '', '', ''),
(105, 20, 8, '20:40', 70, '', '', '', '', '', '', '', '', '', '', '', '', '', '', '', '', '', '', '', '', '', 'O', '', '', '', '', '', '', '', '', '', '', '', '', '', '', '', '', '', '', '', '', '', '', '', '', '', '', '', '', '', '', '', '', '', '', '', '', '', '', '', '', '', '', '', '', '', '', '', '', '', '', '', '', '', '', '', '', '', '', '', '', '', '', '', '', '', '', '', '', '', '', '', '', '', '', '', '', '', ''),
(106, 20, 6, '22:45', 70, '', '', '', '', '', '', '', '', '', '', '', '', '', '', '', '', '', '', '', '', '', '', '', '', '', '', '', '', '', '', '', '', '', '', '', '', '', '', '', '', '', '', '', '', '', '', '', '', '', '', '', '', '', '', '', '', '', '', '', '', '', '', '', '', '', '', '', '', '', '', '', '', '', '', '', '', '', '', '', '', '', '', '', '', '', '', '', '', '', '', '', '', '', '', '', '', '', '', '', '');

-- --------------------------------------------------------

--
-- Estructura de tabla para la tabla `peliculas`
--

CREATE TABLE IF NOT EXISTS `peliculas` (
`IDPelicula` int(3) NOT NULL,
  `NombrePelicula` varchar(200) COLLATE utf8_spanish2_ci NOT NULL,
  `DuracionPelicula` varchar(4) COLLATE utf8_spanish2_ci NOT NULL,
  `ClasificacionPelicula` varchar(3) COLLATE utf8_spanish2_ci NOT NULL,
  `GeneroPelicula` varchar(20) COLLATE utf8_spanish2_ci NOT NULL,
  `ActoresPelicula` varchar(500) COLLATE utf8_spanish2_ci NOT NULL,
  `DirectorPelicula` varchar(100) COLLATE utf8_spanish2_ci NOT NULL,
  `SinopsisPelicula` text COLLATE utf8_spanish2_ci NOT NULL,
  `PosterPelicula` varchar(500) COLLATE utf8_spanish2_ci NOT NULL,
  `TrailerPelicula` varchar(500) COLLATE utf8_spanish2_ci NOT NULL
) ENGINE=InnoDB AUTO_INCREMENT=12 DEFAULT CHARSET=utf8 COLLATE=utf8_spanish2_ci;

--
-- Volcado de datos para la tabla `peliculas`
--

INSERT INTO `peliculas` (`IDPelicula`, `NombrePelicula`, `DuracionPelicula`, `ClasificacionPelicula`, `GeneroPelicula`, `ActoresPelicula`, `DirectorPelicula`, `SinopsisPelicula`, `PosterPelicula`, `TrailerPelicula`) VALUES
(1, 'El Hobbit: La batalla de los cinco ejercitos', '150', 'B', 'Acción', 'Ian McKellen, Martin Freeman, Richard Armitage, Evangeline Lilly, Lee Pace, Luke Evans, Benedict Cumberbatch, Ken Stott, James Nesbitt, Cate Blanchett, Ian Holm, Christopher Lee, Hugo Weaving, Orlando Bloom', ' 	      Peter Jackson', 'La última película cerrará la épica aventura de Bilbo Bolsón, Thorin Escudo de Roble y la compañía de Enanos. Después de haber recuperado su reino del Dragón Smaug, la Compañía ha desencadenado sin quererlo una fuerza inimaginable en el mundo. Un Smaug enfurecido volaba hacia la Ciudad del Lago para acabar con cualquier vida que se encontrase allí. Obsesionado por encima de todo con su tesoro al fin recuperado, Thorin sacrifica la amistad y el honor para atesorarlo mientras que Bilbo intenta frenéticamente hacerle ver la razón por la que el hobbit toma una decisión desesperada y peligrosa. Pero hay aún mayores peligros por delante. Sin la ayuda aparente del mago Gandalf, su gran enemigo Sauron ha enviado legiones de orcos hacia la Montaña Solitaria en un ataque furtivo. Cuando la oscuridad se cierna sobre ellos, las razas de los enanos, elfos y hombres deben decidir si unirse o ser destruidos. Bilbo se encontrará así en la batalla épica de los Cinco Ejércitos donde el futuro de la Tierra Media está en juego.', 'img/cartelera/hobbit.jpg', '<iframe width="560" height="315" src="//www.youtube.com/embed/ZSzeFFsKEt4" frameborder="0" allowfullscreen></iframe>'),
(2, 'Los Juegos del Hambre: Sinsajo (Parte 1)', '123', 'B', 'Acción', 'Julianne Moore, Jena Malone, Liam Hemsworth, Philip Seymour Hoffman, Jennifer Lawrence, Donald Sutherland, Josh Hutcherson, Elizabeth Banks, Natalie Dormer', 'Francis Lawrence', 'El fenómeno mundial de Los juegos del hambre continúa incendiando el universo con el estreno de Los juegos del hambre: Sinsajo Parte 1 en la que Katniss Everdeen (Jennifer Lawrence) se encuentra en el Distrito 13 después de destrozar literalmente los Juegos para siempre. Bajo el liderazgo de la Presidente Coin (Julianne Moore) y el consejo de sus amigos más leales, Katniss extiende sus alas mientras lucha por salvar a Peeta Mellark (Josh Hutcherson) y a una nación alentada por su valentía.', 'img/cartelera/sinsajo.jpg', '<iframe width="560" height="315" src="//www.youtube.com/embed/hNzcFuws41A" frameborder="0" allowfullscreen></iframe>'),
(3, 'Grandes Heroes', '108', 'A', 'Infantil', 'Génesis Rodríguez, Alan Prieto, Memo Aponte, Alexis Ortega, Noé Velázquez Pedroza, Erika Ugalde, Alan Bravo, Humberto Vélez, Idzi Dutkiewicz, Patricia Palestino', 'Chris Williams, Don Hall', 'Con todo el sentimiento y el humor que el público espera de Walt Disney Animation Studios, GRANDES HÉROES es una comedia de aventuras cargada de acción sobre el prodigio de la robótica Hiro Hamada, quien aprende a sacar provecho de su capacidad gracias a su brillante hermano Tadashi y sus también brillantes amigos: la adicta a la adrenalina Go Go Tamago, el meticuloso de la limpieza Wasabi No-Ginger, la genia de la química Honey Lemon y el fanático Fred. Cuando tras un devastador giro de los acontecimientos, se ven envueltos en una peligrosa conspiración que tiene lugar en las calles de San Fransokyo, Hiro recurre a su amigo más íntimo: un robot llamado Baymax, y transforma al grupo en una banda de héroes de última tecnología decididos a resolver el misterio.', 'img/cartelera/grandes_heroes.jpg', '<iframe width="560" height="315" src="//www.youtube.com/embed/DrAClyAk4O8" frameborder="0" allowfullscreen></iframe>'),
(4, 'Una pareja + tonta', '109', 'B', 'Comedia', 'Jim Carrey ,Rob Riggle, Jeff Daniels, Kathleen Turner ,Laurie Holden, Paul Blackthorne', 'Peter Farrelly, Bobby Farrelly', '20 años después de que Harry y Lloyd se conocieran, ninguno de los dos parece haber madurado. Harry tiene un hijo a la que apenas conoce, pero ahora que le han diagnosticado un problema de riñón quiere encontrarlo y pedirle que le done uno de los suyos. Al fin y al cabo, como primogénito suyo que es, seguro que es compatible.', 'img/cartelera/pareja_tonta.jpg', '<iframe width="560" height="315" src="//www.youtube.com/embed/XQASp8FPX3U" frameborder="0" allowfullscreen></iframe>'),
(5, 'Interestelar', '169', 'B', 'Ciencia ficción', 'Matthew McConaughey, Anne Hathaway, Jessica Chastain, Michael Caine, Bill Irwin, Casey Affleck, Mackenzie Foy, John Lithgow, Topher Grace, Matt Damon, Wes Bentley, David Oyelowo, David Gyasi', 'Christopher Nolan', 'En plena crisis mundial por la escasez de comida por la muerte de los cultivos, los gobiernos y las naciones se derrumban mientras que la NASA ha desaparecido por ser la culpable de todo lo que ahora ocurre, mediante sus actos en el siglo XX. Pero cuando una misteriosa grieta en el espacio-tiempo se abre, los restos de la ahora desaparecida NASA tengan que volver a reunirse para explorar y ofrecer una última oportunidad para la salvación de la Tierra.', 'img/cartelera/interestelar.jpg', '<iframe width="560" height="315" src="//www.youtube.com/embed/NVw3DnN9WoA" frameborder="0" allowfullscreen></iframe>'),
(6, 'Paddington', '96', 'A', 'Comedia', 'Nicole Kidman, Ben Whishaw, Sally Hawkins, Hugh Bonneville, Julie Walters', 'Paul King', 'Un joven oso del lejano Perú, apasionado por todo lo que tenga que ver con Inglaterra, viaja a Londres en busca de un nuevo hogar. Rápidamente descubre que la vida en la ciudad no es lo que él imaginaba. Para su buena fortuna, conoce a la amable familia Brown, quienes le ofrecen té, un nuevo nombre y un hogar provisional. Cuando parecía que la suerte por fin le favorecía, un taxidermista, con una cuenta pendiente, le echa el ojo al extraño oso. “Paddington” está basada en la popular serie de libros infantiles del autor británico Michael Bond.', 'img/cartelera/paddington.jpg', '<iframe width="560" height="315" src="//www.youtube.com/embed/P8s3erGGF90" frameborder="0" allowfullscreen></iframe>'),
(7, 'Quiero matar a mi jefe 2', '108', 'B', 'Comedia', 'Chris Pine', 'Sean Anders', 'Nick, Dale y Kurt, estan cansados de depender de los de arriba y juntos deciden convertirse en sus propios jefes lanzando su propia empresa. Pero un inversor con mucha labia echa por tierra sus planes. Vencidos y desesperados, y además sin recursos legales, los tres empresarios aficionados urden un insensato plan para secuestrar al hijo adulto del inversor y pedir un rescate por él para volver a conseguir el control de su empresa.', 'img/cartelera/matar_jefe.jpg', '<iframe width="560" height="315" src="//www.youtube.com/embed/28xhK8LN3h4" frameborder="0" allowfullscreen></iframe>'),
(8, 'La leyenda de las momias de Guanajuato', '84', 'A', 'Infantil', 'Mayté Cordero, Andrés Couturier, Ale Müller, José Luis Orozco, Eduardo España, Rafael Inclán, Benny Emmanuel', 'Alberto "Chino" Rodríguez', 'En esta ocasión Leo San Juan, Don Andrés, Teodora y el Alebrije llegan a Guanajuato para intentar detener a las momias —que han despertado inexplicablemente— y recuperar a su amiga Xóchitl. Con ayuda de Luis, un amigo que conocen en la ciudad, Leo va descubriendo el terrible secreto del acaudalado Rosseau, mientras el resto del equipo se da cuenta que han caído en una trampa.', 'img/cartelera/momias_gto.jpg', '<iframe width="560" height="315" src="//www.youtube.com/embed/KdonCzokEDU" frameborder="0" allowfullscreen></iframe>'),
(9, 'Furia Implacable', '98', 'B15', 'Thriller', 'Nicolas Cage, Rachel Nichols, Max Ryan', 'Jim Agnew', 'Paul Maguire lleva una vida maravillosa, envidiable desde cualquier punto de vista. Es un hombre de negocios de éxito y un pilar en su comunidad. Su mujer, Vanessa, es inteligente y atractiva. Su matrimonio se basa en el amor, en el respeto mutuo y en una gran dosis de pasión. Su hija Caitlin es una estudiante excelente, es inteligente y está muy unida a su padre. Ahora Paul lleva una buena vida, pero… el pasado de una persona nunca muere de verdad, tampoco el suyo.', 'img/cartelera/furia.jpg', '<iframe width="560" height="315" src="//www.youtube.com/embed/Mp_qXR8ZviA" frameborder="0" allowfullscreen></iframe>'),
(10, 'La Dictadura Perfecta', '142', 'B15', 'Comedia', 'Alfonso Herrera, Saúl Lisazo, Joaquín Cosío, Tony Dalton, Silvia Navarro, Enrique Arreola, Dagoberto Gama, Damián Alcázar, Osvaldo Benavides, Arath de la Torre, Flavio Medina', 'Luis Estrada', 'El Presidente de la República comete uno más de sus frecuentes disparates. TV MX, la poderosa Corporación Mexicana de Televisión, tiene que ayudar a su amigo y aliado a salir del problema antes de que se convierta en otra grave crisis de imagen y popularidad. Para desviar la atención, la televisora da a conocer en su noticiero estelar, y de manera muy escandalosa, un video que involucra al Gobernador Carmelo Vargas en horrendos crímenes y graves negocios ilícitos. El Gober Vargas, preocupado por su futuro político, decide negociar un millonario y secreto acuerdo con los dueños de la televisora. Carlos Rojo, un joven y ambicioso productor de noticias; Ricardo Díaz, reportero estrella de la televisora y Javier Pérez Harris, conductor del noticiero estelar, son comisionados para cambiar la imagen que la opinión pública tiene del corrupto y folclórico Gober, y lograr - a cualquier costo convertirlo en una fulgurante estrella política y un posible candidato a la presidencia. La Televisión ya puso un Presidente ¿Lo volverá a hacer? ', 'img/cartelera/dictadura.jpg', '<iframe width="560" height="315" src="//www.youtube.com/embed/ZriH9uEDgsI" frameborder="0" allowfullscreen></iframe>'),
(11, 'Otro dia para matar', '101', 'C', 'Acción', 'John Leguizamo', 'Basil Iwanyk, Eva Longoria, Chad Stahelski, David Leitch, Mike Witherill', 'John Wick (Keanu Reeves) es un ex-asesino a sueldo que ha intentado superar la pérdida de su mujer y vivir tranquilamente después de su retiro, pero alguien se atrevió a provocarlo, atacándolo por sorpresa. Siendo testigo de cómo roban su auto y matan a su perro, John Wick persigue al responsable y descubre que un mafioso de Nueva York, ha puesto un alto precio a su cabeza. Casualmente la persona contratada para darle caza es un sicario llamado Marcus (Willem Dafoe), un gran amigo y ex-compañero, que le recomendó abandonar esta peligrosa profesión. Pero él estará dispuesto a enfrentar todos sus obstáculos con tal de cobrar su venganza.', 'img/cartelera/otro_dia.jpg', '<iframe width="560" height="315" src="//www.youtube.com/embed/xjpiQLC4w74" frameborder="0" allowfullscreen></iframe>');

-- --------------------------------------------------------

--
-- Estructura de tabla para la tabla `reservas`
--

CREATE TABLE IF NOT EXISTS `reservas` (
`IDReserva` int(5) NOT NULL,
  `FechaReserva` date NOT NULL,
  `FuncionID` int(3) NOT NULL,
  `CorreoCte` varchar(50) COLLATE utf8_spanish2_ci NOT NULL,
  `ImporteReserva` int(6) NOT NULL
) ENGINE=InnoDB AUTO_INCREMENT=23990 DEFAULT CHARSET=utf8 COLLATE=utf8_spanish2_ci;

--
-- Volcado de datos para la tabla `reservas`
--

INSERT INTO `reservas` (`IDReserva`, `FechaReserva`, `FuncionID`, `CorreoCte`, `ImporteReserva`) VALUES
(5464, '2014-12-08', 76, 'luisedo21@gmail.com', 70),
(10615, '2014-12-08', 100, 'dnehdj@hduj.com', 140),
(12896, '2014-12-08', 100, 'dnehdj@hduj.com', 140),
(14576, '2014-12-08', 100, 'dnehdj@hduj.com', 140),
(19017, '2014-12-08', 100, 'dnehdj@hduj.com', 140),
(21068, '2014-12-08', 28, 'luisedo21@gmail.com', 60),
(21327, '2014-12-08', 76, 'luisedo21@gmail.com', 70),
(21720, '2014-12-08', 100, 'dnehdj@hduj.com', 140),
(22289, '2014-12-08', 100, 'dnehdj@hduj.com', 140),
(22603, '2014-12-08', 28, 'luisedo21@gmail.com', 30),
(23367, '2014-12-08', 100, 'dnehdj@hduj.com', 140),
(23665, '2014-12-08', 79, 'luisedo21@gmail.com', 70),
(23989, '2014-12-08', 100, 'dnehdj@hduj.com', 140);

-- --------------------------------------------------------

--
-- Estructura de tabla para la tabla `salas`
--

CREATE TABLE IF NOT EXISTS `salas` (
`IDSala` int(3) NOT NULL,
  `IDCine` int(2) NOT NULL,
  `NumSala` int(2) NOT NULL,
  `TipoSala` varchar(20) COLLATE utf8_spanish2_ci NOT NULL
) ENGINE=InnoDB AUTO_INCREMENT=21 DEFAULT CHARSET=utf8 COLLATE=utf8_spanish2_ci;

--
-- Volcado de datos para la tabla `salas`
--

INSERT INTO `salas` (`IDSala`, `IDCine`, `NumSala`, `TipoSala`) VALUES
(1, 1, 1, 'Tradicional'),
(2, 1, 2, 'Tradicional'),
(3, 1, 3, 'Tradicional'),
(4, 1, 4, 'Tradicional'),
(5, 1, 5, 'Tradicional'),
(6, 1, 6, 'Junior'),
(7, 1, 7, 'VIP'),
(8, 1, 8, 'VIP'),
(9, 2, 1, 'Junior'),
(10, 2, 2, 'Junior'),
(11, 2, 3, 'VIP'),
(12, 2, 4, 'VIP'),
(13, 2, 5, 'Tradicional'),
(14, 2, 6, 'Tradicional'),
(15, 2, 7, 'Tradicional'),
(16, 2, 8, 'Tradicional'),
(17, 2, 9, 'Tradicional'),
(18, 2, 10, 'Tradicional'),
(19, 2, 11, 'Tradicional'),
(20, 2, 12, 'Tradicional');

-- --------------------------------------------------------

--
-- Estructura de tabla para la tabla `salas_quintas`
--

CREATE TABLE IF NOT EXISTS `salas_quintas` (
`IDSala` int(11) NOT NULL,
  `TipoSala` varchar(15) COLLATE utf8_spanish2_ci NOT NULL
) ENGINE=InnoDB AUTO_INCREMENT=9 DEFAULT CHARSET=utf8 COLLATE=utf8_spanish2_ci;

--
-- Volcado de datos para la tabla `salas_quintas`
--

INSERT INTO `salas_quintas` (`IDSala`, `TipoSala`) VALUES
(1, 'Tradicional'),
(2, 'Tradicional'),
(3, 'Tradicional'),
(4, 'Tradicional'),
(5, 'Tradicional'),
(6, 'Junior'),
(7, 'VIP'),
(8, 'VIP');

-- --------------------------------------------------------

--
-- Estructura de tabla para la tabla `salas_torres`
--

CREATE TABLE IF NOT EXISTS `salas_torres` (
`IDSala` int(2) NOT NULL,
  `TipoSala` varchar(15) COLLATE utf8_spanish2_ci NOT NULL
) ENGINE=InnoDB AUTO_INCREMENT=16 DEFAULT CHARSET=utf8 COLLATE=utf8_spanish2_ci;

--
-- Volcado de datos para la tabla `salas_torres`
--

INSERT INTO `salas_torres` (`IDSala`, `TipoSala`) VALUES
(1, 'Junior'),
(2, 'Junior'),
(3, 'VIP'),
(4, 'VIP'),
(5, 'VIP'),
(6, 'Tradicional'),
(7, 'Tradicional'),
(8, 'Tradicional'),
(9, 'Tradicional'),
(10, 'Tradicional'),
(11, 'Tradicional'),
(12, 'Tradicional'),
(13, 'Tradicional'),
(14, 'Tradicional'),
(15, 'Tradicional');

-- --------------------------------------------------------

--
-- Estructura de tabla para la tabla `socios`
--

CREATE TABLE IF NOT EXISTS `socios` (
`IDSocio` int(4) NOT NULL,
  `NombreSocio` varchar(200) COLLATE utf8_spanish2_ci NOT NULL,
  `TelefonoSocio` int(10) NOT NULL,
  `DireccionSocio` varchar(200) COLLATE utf8_spanish2_ci NOT NULL,
  `TarjetaSocio` int(12) NOT NULL,
  `username` varchar(50) COLLATE utf8_spanish2_ci NOT NULL,
  `password` varchar(500) COLLATE utf8_spanish2_ci NOT NULL,
  `PuntosSocio` int(10) NOT NULL
) ENGINE=InnoDB AUTO_INCREMENT=3 DEFAULT CHARSET=utf8 COLLATE=utf8_spanish2_ci;

--
-- Volcado de datos para la tabla `socios`
--

INSERT INTO `socios` (`IDSocio`, `NombreSocio`, `TelefonoSocio`, `DireccionSocio`, `TarjetaSocio`, `username`, `password`, `PuntosSocio`) VALUES
(1, 'Luis Eduardo Villela Zavala', 2147483647, 'Catedráticos #126-6. Col. Tierra Blanca. Culiacán, Sin.', 2147483647, 'luisedo21@gmail.com', '202cb962ac59075b964b07152d234b70', 10000),
(2, 'Javier Iván Delgado Aguirre', 2147483647, 'Barrancos. Culiacán, Sin.', 2147483647, 'shaman_king@hotmail.com', '202cb962ac59075b964b07152d234b70', 8000);

-- --------------------------------------------------------

--
-- Estructura de tabla para la tabla `ventas`
--

CREATE TABLE IF NOT EXISTS `ventas` (
`IDVenta` int(10) NOT NULL,
  `FechaVta` date NOT NULL,
  `FuncionID` int(3) NOT NULL,
  `CorreoCte` varchar(200) COLLATE utf8_spanish2_ci NOT NULL,
  `ImporteVenta` int(5) NOT NULL
) ENGINE=InnoDB AUTO_INCREMENT=24348 DEFAULT CHARSET=utf8 COLLATE=utf8_spanish2_ci;

--
-- Volcado de datos para la tabla `ventas`
--

INSERT INTO `ventas` (`IDVenta`, `FechaVta`, `FuncionID`, `CorreoCte`, `ImporteVenta`) VALUES
(263, '2014-12-08', 105, 'luisedo21@gmail.com', 70),
(407, '2014-12-08', 79, 'luisedo21@gmail.com', 70),
(3251, '2014-12-08', 76, 'luisedo21@gmail.com', 70),
(3605, '2014-12-08', 97, 'luisedo21@gmail.com', 140),
(3732, '2014-12-08', 79, 'luisedo21@gmail.com', 70),
(3826, '2014-12-08', 97, 'luisedo21@gmail.com', 70),
(5350, '2014-12-08', 100, 'luisedo21@gmail.com', 280),
(5486, '2014-12-08', 76, 'djgu@kdhj.com', 70),
(6304, '2014-12-08', 100, 'luisedo21@gmail.com', 70),
(7291, '2014-12-08', 97, 'luisedo21@gmail.com', 140),
(7853, '2014-12-08', 28, 'luisedo21@gmail.com', 60),
(7994, '2014-12-08', 97, 'luisedo21@gmail.com', 140),
(8286, '0000-00-00', 27, 'luisedo21@gmail.com', 30),
(8737, '2014-12-08', 76, 'luisedo21@gmail.com', 70),
(8787, '2014-12-08', 97, 'luisedo21@gmail.com', 140),
(10517, '2014-12-08', 76, 'luisedo21@gmail.com', 70),
(11369, '2014-12-08', 28, 'luisedo21@gmail.com', 30),
(11541, '2014-12-08', 97, 'luisedo21@gmail.com', 70),
(11770, '2014-12-08', 97, 'luisedo21@gmail.com', 140),
(12120, '2014-12-08', 76, 'luisedo21@gmail.com', 70),
(12461, '2014-12-08', 76, 'luisedo21@gmail.com', 70),
(12689, '2014-12-08', 97, 'luisedo21@gmail.com', 70),
(12842, '2014-12-08', 51, 'luisedo21@gmail.com', 80),
(13038, '2014-12-08', 97, 'luisedo21@gmail.com', 140),
(13128, '2014-12-08', 97, 'luisedo21@gmail.com', 140),
(13364, '2014-12-08', 27, 'luisedo21@gmail.com', 30),
(14872, '0000-00-00', 27, 'luisedo21@gmail.com', 60),
(15977, '2014-12-08', 76, 'luisedo21@gmail.com', 70),
(16733, '2014-12-08', 51, 'luisedo21@gmail.com', 120),
(17777, '2014-12-08', 97, 'luisedo21@gmail.com', 70),
(18362, '0000-00-00', 27, 'luisedo21@gmail.com', 60),
(18571, '2014-12-08', 76, 'djhbjsm@jkdhnj.com', 70),
(20296, '2014-12-08', 97, 'luisedo21@gmail.com', 70),
(20898, '2014-12-08', 76, 'luisedo21@gmail.com', 70),
(21474, '2014-12-08', 97, 'luisedo21@gmail.com', 140),
(22031, '2014-12-08', 76, 'luisedo21@gmail.com', 70),
(22811, '2014-12-08', 28, 'luisedo21@gmail.com', 30),
(23290, '2014-12-08', 76, 'luisedo21@gmail.com', 70),
(23928, '2014-12-08', 76, 'llllll@lll.lll', 70),
(24347, '2014-12-08', 97, 'luisedo21@gmail.com', 140);

--
-- Índices para tablas volcadas
--

--
-- Indices de la tabla `cine`
--
ALTER TABLE `cine`
 ADD PRIMARY KEY (`IDCine`);

--
-- Indices de la tabla `funciones`
--
ALTER TABLE `funciones`
 ADD PRIMARY KEY (`IDFuncion`), ADD KEY `IDSala` (`IDSala`), ADD KEY `IDPelicula` (`IDPelicula`);

--
-- Indices de la tabla `peliculas`
--
ALTER TABLE `peliculas`
 ADD PRIMARY KEY (`IDPelicula`);

--
-- Indices de la tabla `reservas`
--
ALTER TABLE `reservas`
 ADD PRIMARY KEY (`IDReserva`), ADD KEY `FuncionID` (`FuncionID`);

--
-- Indices de la tabla `salas`
--
ALTER TABLE `salas`
 ADD PRIMARY KEY (`IDSala`), ADD KEY `IDCine` (`IDCine`);

--
-- Indices de la tabla `salas_quintas`
--
ALTER TABLE `salas_quintas`
 ADD PRIMARY KEY (`IDSala`);

--
-- Indices de la tabla `salas_torres`
--
ALTER TABLE `salas_torres`
 ADD PRIMARY KEY (`IDSala`);

--
-- Indices de la tabla `socios`
--
ALTER TABLE `socios`
 ADD PRIMARY KEY (`IDSocio`);

--
-- Indices de la tabla `ventas`
--
ALTER TABLE `ventas`
 ADD PRIMARY KEY (`IDVenta`), ADD KEY `FuncionID` (`FuncionID`);

--
-- AUTO_INCREMENT de las tablas volcadas
--

--
-- AUTO_INCREMENT de la tabla `cine`
--
ALTER TABLE `cine`
MODIFY `IDCine` int(2) NOT NULL AUTO_INCREMENT,AUTO_INCREMENT=3;
--
-- AUTO_INCREMENT de la tabla `funciones`
--
ALTER TABLE `funciones`
MODIFY `IDFuncion` int(3) NOT NULL AUTO_INCREMENT,AUTO_INCREMENT=107;
--
-- AUTO_INCREMENT de la tabla `peliculas`
--
ALTER TABLE `peliculas`
MODIFY `IDPelicula` int(3) NOT NULL AUTO_INCREMENT,AUTO_INCREMENT=12;
--
-- AUTO_INCREMENT de la tabla `reservas`
--
ALTER TABLE `reservas`
MODIFY `IDReserva` int(5) NOT NULL AUTO_INCREMENT,AUTO_INCREMENT=23990;
--
-- AUTO_INCREMENT de la tabla `salas`
--
ALTER TABLE `salas`
MODIFY `IDSala` int(3) NOT NULL AUTO_INCREMENT,AUTO_INCREMENT=21;
--
-- AUTO_INCREMENT de la tabla `salas_quintas`
--
ALTER TABLE `salas_quintas`
MODIFY `IDSala` int(11) NOT NULL AUTO_INCREMENT,AUTO_INCREMENT=9;
--
-- AUTO_INCREMENT de la tabla `salas_torres`
--
ALTER TABLE `salas_torres`
MODIFY `IDSala` int(2) NOT NULL AUTO_INCREMENT,AUTO_INCREMENT=16;
--
-- AUTO_INCREMENT de la tabla `socios`
--
ALTER TABLE `socios`
MODIFY `IDSocio` int(4) NOT NULL AUTO_INCREMENT,AUTO_INCREMENT=3;
--
-- AUTO_INCREMENT de la tabla `ventas`
--
ALTER TABLE `ventas`
MODIFY `IDVenta` int(10) NOT NULL AUTO_INCREMENT,AUTO_INCREMENT=24348;
--
-- Restricciones para tablas volcadas
--

--
-- Filtros para la tabla `funciones`
--
ALTER TABLE `funciones`
ADD CONSTRAINT `funciones_ibfk_1` FOREIGN KEY (`IDSala`) REFERENCES `salas` (`IDSala`) ON DELETE NO ACTION ON UPDATE NO ACTION,
ADD CONSTRAINT `funciones_ibfk_2` FOREIGN KEY (`IDPelicula`) REFERENCES `peliculas` (`IDPelicula`) ON DELETE NO ACTION ON UPDATE NO ACTION;

--
-- Filtros para la tabla `reservas`
--
ALTER TABLE `reservas`
ADD CONSTRAINT `reservas_ibfk_1` FOREIGN KEY (`FuncionID`) REFERENCES `funciones` (`IDFuncion`) ON DELETE NO ACTION ON UPDATE NO ACTION;

--
-- Filtros para la tabla `salas`
--
ALTER TABLE `salas`
ADD CONSTRAINT `salas_ibfk_1` FOREIGN KEY (`IDCine`) REFERENCES `cine` (`IDCine`) ON DELETE NO ACTION ON UPDATE NO ACTION;

--
-- Filtros para la tabla `ventas`
--
ALTER TABLE `ventas`
ADD CONSTRAINT `ventas_ibfk_1` FOREIGN KEY (`FuncionID`) REFERENCES `funciones` (`IDFuncion`) ON DELETE NO ACTION ON UPDATE NO ACTION;

/*!40101 SET CHARACTER_SET_CLIENT=@OLD_CHARACTER_SET_CLIENT */;
/*!40101 SET CHARACTER_SET_RESULTS=@OLD_CHARACTER_SET_RESULTS */;
/*!40101 SET COLLATION_CONNECTION=@OLD_COLLATION_CONNECTION */;
